<?xml version="1.0" encoding="UTF-8"?>
<project-private xmlns="http://www.netbeans.org/ns/project-private/1">
    <editor-bookmarks xmlns="http://www.netbeans.org/ns/editor-bookmarks/2" lastBookmarkId="0"/>
    <open-files xmlns="http://www.netbeans.org/ns/projectui-open-files/2">
        <group>
            <file>file:/C:/Users/andre/Desktop/GitHubApp/LoC16/Mip24.X/I2CsX.h</file>
            <file>file:/C:/Users/andre/Desktop/GitHubApp/LoC16/Mip24.X/I2CsX.c</file>
            <file>file:/C:/Users/andre/Desktop/GitHubApp/LoC16/Mip24.X/PWMX.h</file>
            <file>file:/C:/Users/andre/Desktop/GitHubApp/LoC16/Mip24.X/PWMX.c</file>
            <file>file:/C:/Users/andre/Desktop/GitHubApp/LoC16/Mip24.X/MipX.h</file>
            <file>file:/C:/Users/andre/Desktop/GitHubApp/LoC16/Mip24.X/MipX.c</file>
        </group>
    </open-files>
</project-private>
