<?xml version="1.0" encoding="UTF-8"?>
<project-private xmlns="http://www.netbeans.org/ns/project-private/1">
    <editor-bookmarks xmlns="http://www.netbeans.org/ns/editor-bookmarks/2" lastBookmarkId="0"/>
    <open-files xmlns="http://www.netbeans.org/ns/projectui-open-files/2">
        <group>
            <file>file:/C:/Users/andre/Desktop/GitHubApp/LoC22/SeRL/src/java/communic/SeVaPar.java</file>
            <file>file:/C:/Users/andre/Desktop/GitHubApp/LoC22/SeRL/src/java/communic/SensVa.java</file>
            <file>file:/C:/Users/andre/Desktop/GitHubApp/LoC22/SeRL/src/java/listener/WriTimCL.java</file>
            <file>file:/C:/Users/andre/Desktop/GitHubApp/LoC22/SeRL/src/java/writer/FLExWrite.java</file>
            <file>file:/C:/Users/andre/Desktop/GitHubApp/LoC22/SeRL/src/java/reader/FLExRead.java</file>
        </group>
    </open-files>
</project-private>
